Site_id,Day,Start,End
BHX2,Sun,0:00,6:00
BHX2,Sun,8:00,18:00
BHX2,Sun,19:00,0:00
BHX2,Mon,0:00,6:00
BHX2,Mon,8:00,18:00
BHX2,Mon,19:00,0:00
BHX2,Tue,0:00,6:00
BHX2,Tue,8:00,18:00
BHX2,Tue,19:00,0:00
BHX2,Wed,0:00,6:00
BHX2,Wed,8:00,18:00
BHX2,Wed,19:00,0:00
BHX2,Thu,0:00,6:00
BHX2,Thu,8:00,18:00
BHX2,Thu,19:00,0:00
BHX2,Fri,0:00,6:00
BHX2,Fri,8:00,18:00
BHX2,Fri,19:00,0:00
BHX2,Sat,0:00,6:00
BHX2,Sat,8:00,18:00
BHX2,Sat,19:00,0:00
BHX3,Sun,0:00,6:00
BHX3,Sun,8:00,0:00
BHX3,Mon,0:00,6:00
BHX3,Mon,8:00,0:00
BHX3,Tue,0:00,6:00
BHX3,Tue,8:00,0:00
BHX3,Wed,0:00,6:00
BHX3,Wed,8:00,0:00
BHX3,Thu,0:00,6:00
BHX3,Thu,8:00,0:00
BHX3,Fri,0:00,6:00
BHX3,Fri,8:00,0:00
BHX3,Sat,0:00,6:00
BHX3,Sat,8:00,0:00
BHX5,Sun,0:00,0:00
BHX5,Mon,0:00,0:00
BHX5,Tue,0:00,0:00
BHX5,Wed,0:00,0:00
BHX5,Thu,0:00,0:00
BHX5,Fri,0:00,0:00
BHX5,Sat,0:00,0:00
BHX7,Sun,0:00,5:00
BHX7,Sun,7:30,18:00
BHX7,Sun,19:15,0:00
BHX7,Mon,0:00,5:00
BHX7,Mon,7:30,18:00
BHX7,Mon,19:15,0:00
BHX7,Tue,0:00,5:00
BHX7,Tue,7:30,18:00
BHX7,Tue,19:15,0:00
BHX7,Wed,0:00,5:00
BHX7,Wed,7:30,18:00
BHX7,Wed,19:15,0:00
BHX7,Thu,0:00,5:00
BHX7,Thu,7:30,18:00
BHX7,Thu,19:15,0:00
BHX7,Fri,0:00,5:00
BHX7,Fri,7:30,18:00
BHX7,Fri,19:15,0:00
BHX7,Sat,0:00,5:00
BHX7,Sat,7:30,18:00
BHX7,Sat,19:15,0:00
BHX8,Sun,17:00,0:00
BHX8,Sun,0:00,5:00
BHX8,Mon,17:00,0:00
BHX8,Mon,0:00,5:00
BHX8,Tue,17:00,0:00
BHX8,Tue,0:00,5:00
BHX8,Wed,17:00,0:00
BHX8,Wed,0:00,5:00
BHX8,Thu,17:00,0:00
BHX8,Thu,0:00,5:00
BHX8,Fri,17:00,0:00
BHX8,Fri,0:00,5:00
BHX8,Sat,17:00,0:00
BHX8,Sat,0:00,5:00
BRS1,Sun,0:00,5:00
BRS1,Sun,7:00,18:00
BRS1,Sun,19:00,0:00
BRS1,Mon,0:00,5:00
BRS1,Mon,7:00,18:00
BRS1,Mon,19:00,0:00
BRS1,Tue,0:00,5:00
BRS1,Tue,7:00,18:00
BRS1,Tue,19:00,0:00
BRS1,Wed,0:00,5:00
BRS1,Wed,7:00,18:00
BRS1,Wed,19:00,0:00
BRS1,Thu,0:00,5:00
BRS1,Thu,7:00,18:00
BRS1,Thu,19:00,0:00
BRS1,Fri,0:00,5:00
BRS1,Fri,7:00,18:00
BRS1,Fri,19:00,0:00
BRS1,Sat,0:00,5:00
BRS1,Sat,7:00,18:00
BRS1,Sat,19:00,0:00
BRS2,Sun,0:00,4:30
BRS2,Sun,7:00,18:00
BRS2,Sun,19:00,0:00
BRS2,Mon,0:00,4:30
BRS2,Mon,7:00,18:00
BRS2,Mon,19:00,0:00
BRS2,Tue,0:00,4:30
BRS2,Tue,7:00,18:00
BRS2,Tue,19:00,0:00
BRS2,Wed,0:00,4:30
BRS2,Wed,7:00,18:00
BRS2,Wed,19:00,0:00
BRS2,Thu,0:00,4:30
BRS2,Thu,7:00,18:00
BRS2,Thu,19:00,0:00
BRS2,Fri,0:00,4:30
BRS2,Fri,7:00,18:00
BRS2,Fri,19:00,0:00
BRS2,Sat,0:00,4:30
BRS2,Sat,7:00,18:00
BRS2,Sat,19:00,0:00
CDN9,Sun,0:00,0:00
CDN9,Mon,0:00,0:00
CDN9,Tue,0:00,0:00
CDN9,Wed,0:00,0:00
CDN9,Thu,0:00,0:00
CDN9,Fri,0:00,0:00
CDN9,Sat,0:00,0:00
CNN9,Sun,0:00,0:00
CNN9,Mon,0:00,0:00
CNN9,Tue,0:00,0:00
CNN9,Wed,0:00,0:00
CNN9,Thu,0:00,0:00
CNN9,Fri,0:00,0:00
CNN9,Sat,0:00,0:00
CST9,Sun,0:00,0:00
CST9,Mon,0:00,0:00
CST9,Tue,0:00,0:00
CST9,Wed,0:00,0:00
CST9,Thu,0:00,0:00
CST9,Fri,0:00,0:00
CST9,Sat,0:00,0:00
CWL1,Sun,1:00,4:00
CWL1,Sun,8:00,16:00
CWL1,Mon,1:00,4:00
CWL1,Mon,8:00,16:00
CWL1,Tue,1:00,4:00
CWL1,Tue,8:00,16:00
CWL1,Wed,1:00,4:00
CWL1,Wed,8:00,16:00
CWL1,Thu,1:00,4:00
CWL1,Thu,8:00,16:00
CWL1,Fri,1:00,4:00
CWL1,Fri,8:00,16:00
CWL1,Sat,1:00,4:00
CWL1,Sat,8:00,16:00
CXM9,Sun,0:00,0:00
CXM9,Mon,0:00,0:00
CXM9,Tue,0:00,0:00
CXM9,Wed,0:00,0:00
CXM9,Thu,0:00,0:00
CXM9,Fri,0:00,0:00
CXM9,Sat,0:00,0:00
DAB1,Sun,13:30,17:00
DAB1,Mon,13:30,17:00
DAB1,Tue,13:30,17:00
DAB1,Wed,13:30,17:00
DAB1,Thu,13:30,17:00
DAB1,Fri,13:30,17:00
DAB1,Sat,13:30,17:00
DBH3,Sun,0:00,1:00
DBH3,Sun,6:00,9:00
DBH3,Sun,13:00,22:00
DBH3,Mon,0:00,1:00
DBH3,Mon,6:00,9:00
DBH3,Mon,13:00,22:00
DBH3,Tue,0:00,1:00
DBH3,Tue,6:00,9:00
DBH3,Tue,13:00,22:00
DBH3,Wed,0:00,1:00
DBH3,Wed,6:00,9:00
DBH3,Wed,13:00,22:00
DBH3,Thu,0:00,1:00
DBH3,Thu,6:00,9:00
DBH3,Thu,13:00,22:00
DBH3,Fri,0:00,1:00
DBH3,Fri,6:00,9:00
DBH3,Fri,13:00,22:00
DBH3,Sat,0:00,1:00
DBH3,Sat,6:00,9:00
DBH3,Sat,13:00,22:00
DBI2,Sun,0:00,2:00
DBI2,Sun,3:00,4:00
DBI2,Sun,6:00,9:00
DBI2,Mon,0:00,2:00
DBI2,Mon,3:00,4:00
DBI2,Mon,6:00,9:00
DBI2,Tue,0:00,2:00
DBI2,Tue,3:00,4:00
DBI2,Tue,6:00,9:00
DBI2,Wed,0:00,2:00
DBI2,Wed,3:00,4:00
DBI2,Wed,6:00,9:00
DBI2,Thu,0:00,2:00
DBI2,Thu,3:00,4:00
DBI2,Thu,6:00,9:00
DBI2,Fri,0:00,2:00
DBI2,Fri,3:00,4:00
DBI2,Fri,6:00,9:00
DBI2,Sat,0:00,2:00
DBI2,Sat,3:00,4:00
DBI2,Sat,6:00,9:00
DBI3,Sun,0:00,1:00
DBI3,Sun,2:00,3:00
DBI3,Sun,4:00,5:00
DBI3,Sun,6:00,7:00
DBI3,Mon,0:00,1:00
DBI3,Mon,2:00,3:00
DBI3,Mon,4:00,5:00
DBI3,Mon,6:00,7:00
DBI3,Tue,0:00,1:00
DBI3,Tue,2:00,3:00
DBI3,Tue,4:00,5:00
DBI3,Tue,6:00,7:00
DBI3,Wed,0:00,1:00
DBI3,Wed,2:00,3:00
DBI3,Wed,4:00,5:00
DBI3,Wed,6:00,7:00
DBI3,Thu,0:00,1:00
DBI3,Thu,2:00,3:00
DBI3,Thu,4:00,5:00
DBI3,Thu,6:00,7:00
DBI3,Fri,0:00,1:00
DBI3,Fri,2:00,3:00
DBI3,Fri,4:00,5:00
DBI3,Fri,6:00,7:00
DBI3,Sat,0:00,1:00
DBI3,Sat,2:00,3:00
DBI3,Sat,4:00,5:00
DBI3,Sat,6:00,7:00
DBI4,Sun,8:00,9:00
DBI4,Sun,11:00,12:00
DBI4,Sun,17:00,18:00
DBI4,Mon,8:00,9:00
DBI4,Mon,11:00,12:00
DBI4,Mon,17:00,18:00
DBI4,Tue,8:00,9:00
DBI4,Tue,11:00,12:00
DBI4,Tue,17:00,18:00
DBI4,Wed,8:00,9:00
DBI4,Wed,11:00,12:00
DBI4,Wed,17:00,18:00
DBI4,Thu,8:00,9:00
DBI4,Thu,11:00,12:00
DBI4,Thu,17:00,18:00
DBI4,Fri,8:00,9:00
DBI4,Fri,11:00,12:00
DBI4,Fri,17:00,18:00
DBI4,Sat,8:00,9:00
DBI4,Sat,11:00,12:00
DBI4,Sat,17:00,18:00
DBI5,Sun,4:00,14:00
DBI5,Mon,4:00,14:00
DBI5,Tue,4:00,14:00
DBI5,Wed,4:00,14:00
DBI5,Thu,4:00,14:00
DBI5,Fri,4:00,14:00
DBI5,Sat,4:00,14:00
DBI7,Sun,0:00,1:00
DBI7,Sun,2:00,3:00
DBI7,Sun,4:00,5:00
DBI7,Sun,6:00,8:00
DBI7,Mon,0:00,1:00
DBI7,Mon,2:00,3:00
DBI7,Mon,4:00,5:00
DBI7,Mon,6:00,8:00
DBI7,Tue,0:00,1:00
DBI7,Tue,2:00,3:00
DBI7,Tue,4:00,5:00
DBI7,Tue,6:00,8:00
DBI7,Wed,0:00,1:00
DBI7,Wed,2:00,3:00
DBI7,Wed,4:00,5:00
DBI7,Wed,6:00,8:00
DBI7,Thu,0:00,1:00
DBI7,Thu,2:00,3:00
DBI7,Thu,4:00,5:00
DBI7,Thu,6:00,8:00
DBI7,Fri,0:00,1:00
DBI7,Fri,2:00,3:00
DBI7,Fri,4:00,5:00
DBI7,Fri,6:00,8:00
DBI7,Sat,0:00,1:00
DBI7,Sat,2:00,3:00
DBI7,Sat,4:00,5:00
DBI7,Sat,6:00,8:00
DBN2,Sun,0:00,7:00
DBN2,Sun,14:00,16:00
DBN2,Sun,17:00,0:00
DBN2,Mon,0:00,7:00
DBN2,Mon,14:00,16:00
DBN2,Mon,17:00,0:00
DBN2,Tue,0:00,7:00
DBN2,Tue,14:00,16:00
DBN2,Tue,17:00,0:00
DBN2,Wed,0:00,7:00
DBN2,Wed,14:00,16:00
DBN2,Wed,17:00,0:00
DBN2,Thu,0:00,7:00
DBN2,Thu,14:00,16:00
DBN2,Thu,17:00,0:00
DBN2,Fri,0:00,7:00
DBN2,Fri,14:00,16:00
DBN2,Fri,17:00,0:00
DBN2,Sat,0:00,7:00
DBN2,Sat,14:00,16:00
DBN2,Sat,17:00,0:00
DBR1,Sun,3:00,5:00
DBR1,Sun,14:00,17:00
DBR1,Sun,18:00,21:00
DBR1,Sun,22:00,0:00
DBR1,Mon,3:00,5:00
DBR1,Mon,14:00,17:00
DBR1,Mon,18:00,21:00
DBR1,Mon,22:00,0:00
DBR1,Tue,3:00,5:00
DBR1,Tue,14:00,17:00
DBR1,Tue,18:00,21:00
DBR1,Tue,22:00,0:00
DBR1,Wed,3:00,5:00
DBR1,Wed,14:00,17:00
DBR1,Wed,18:00,21:00
DBR1,Wed,22:00,0:00
DBR1,Thu,3:00,5:00
DBR1,Thu,14:00,17:00
DBR1,Thu,18:00,21:00
DBR1,Thu,22:00,0:00
DBR1,Fri,3:00,5:00
DBR1,Fri,14:00,17:00
DBR1,Fri,18:00,21:00
DBR1,Fri,22:00,0:00
DBR1,Sat,3:00,5:00
DBR1,Sat,14:00,17:00
DBR1,Sat,18:00,21:00
DBR1,Sat,22:00,0:00
DBR2,Sun,0:00,8:00
DBR2,Sun,14:00,0:00
DBR2,Mon,0:00,8:00
DBR2,Mon,14:00,0:00
DBR2,Tue,0:00,8:00
DBR2,Tue,14:00,0:00
DBR2,Wed,0:00,8:00
DBR2,Wed,14:00,0:00
DBR2,Thu,0:00,8:00
DBR2,Thu,14:00,0:00
DBR2,Fri,0:00,8:00
DBR2,Fri,14:00,0:00
DBR2,Sat,0:00,8:00
DBR2,Sat,14:00,0:00
DBR3,Sun,3:00,10:00
DBR3,Sun,12:00,13:00
DBR3,Mon,3:00,10:00
DBR3,Mon,12:00,13:00
DBR3,Tue,3:00,10:00
DBR3,Tue,12:00,13:00
DBR3,Wed,3:00,10:00
DBR3,Wed,12:00,13:00
DBR3,Thu,3:00,10:00
DBR3,Thu,12:00,13:00
DBR3,Fri,3:00,10:00
DBR3,Fri,12:00,13:00
DBR3,Sat,3:00,10:00
DBR3,Sat,12:00,13:00
DBS2,Sun,0:00,6:00
DBS2,Sun,16:00,23:00
DBS2,Mon,0:00,6:00
DBS2,Mon,16:00,23:00
DBS2,Tue,0:00,6:00
DBS2,Tue,16:00,23:00
DBS2,Wed,0:00,6:00
DBS2,Wed,16:00,23:00
DBS2,Thu,0:00,6:00
DBS2,Thu,16:00,23:00
DBS2,Fri,0:00,6:00
DBS2,Fri,16:00,23:00
DBS2,Sat,0:00,6:00
DBS2,Sat,16:00,23:00
DBS3,Sun,7:00,0:00
DBS3,Mon,7:00,0:00
DBS3,Tue,7:00,0:00
DBS3,Wed,7:00,0:00
DBS3,Thu,7:00,0:00
DBS3,Fri,7:00,0:00
DBS3,Sat,7:00,0:00
DBT2,Sun,0:00,10:00
DBT2,Sun,14:00,0:00
DBT2,Mon,0:00,10:00
DBT2,Mon,14:00,0:00
DBT2,Tue,0:00,10:00
DBT2,Tue,14:00,0:00
DBT2,Wed,0:00,10:00
DBT2,Wed,14:00,0:00
DBT2,Thu,0:00,10:00
DBT2,Thu,14:00,0:00
DBT2,Fri,0:00,10:00
DBT2,Fri,14:00,0:00
DBT2,Sat,0:00,10:00
DBT2,Sat,14:00,0:00
DBT3,Sun,0:00,10:00
DBT3,Sun,15:00,17:00
DBT3,Sun,18:00,0:00
DBT3,Mon,0:00,10:00
DBT3,Mon,15:00,17:00
DBT3,Mon,18:00,0:00
DBT3,Tue,0:00,10:00
DBT3,Tue,15:00,17:00
DBT3,Tue,18:00,0:00
DBT3,Wed,0:00,10:00
DBT3,Wed,15:00,17:00
DBT3,Wed,18:00,0:00
DBT3,Thu,0:00,10:00
DBT3,Thu,15:00,17:00
DBT3,Thu,18:00,0:00
DBT3,Fri,0:00,10:00
DBT3,Fri,15:00,17:00
DBT3,Fri,18:00,0:00
DBT3,Sat,0:00,10:00
DBT3,Sat,15:00,17:00
DBT3,Sat,18:00,0:00
DCB1,Sun,0:00,3:00
DCB1,Sun,8:00,10:00
DCB1,Sun,12:00,0:00
DCB1,Mon,0:00,3:00
DCB1,Mon,8:00,10:00
DCB1,Mon,12:00,0:00
DCB1,Tue,0:00,3:00
DCB1,Tue,8:00,10:00
DCB1,Tue,12:00,0:00
DCB1,Wed,0:00,3:00
DCB1,Wed,8:00,10:00
DCB1,Wed,12:00,0:00
DCB1,Thu,0:00,3:00
DCB1,Thu,8:00,10:00
DCB1,Thu,12:00,0:00
DCB1,Fri,0:00,3:00
DCB1,Fri,8:00,10:00
DCB1,Fri,12:00,0:00
DCB1,Sat,0:00,3:00
DCB1,Sat,8:00,10:00
DCB1,Sat,12:00,0:00
DCE1,Sun,0:00,3:00
DCE1,Sun,7:00,8:00
DCE1,Sun,12:00,13:00
DCE1,Sun,16:00,17:00
DCE1,Sun,21:00,0:00
DCE1,Mon,0:00,3:00
DCE1,Mon,7:00,9:00
DCE1,Mon,12:00,13:00
DCE1,Mon,16:00,17:00
DCE1,Mon,21:00,0:00
DCE1,Tue,0:00,3:00
DCE1,Tue,7:00,9:00
DCE1,Tue,12:00,13:00
DCE1,Tue,16:00,17:00
DCE1,Tue,21:00,0:00
DCE1,Wed,0:00,3:00
DCE1,Wed,7:00,9:00
DCE1,Wed,12:00,13:00
DCE1,Wed,16:00,17:00
DCE1,Wed,21:00,0:00
DCE1,Thu,0:00,3:00
DCE1,Thu,7:00,9:00
DCE1,Thu,12:00,13:00
DCE1,Thu,16:00,17:00
DCE1,Thu,21:00,0:00
DCE1,Fri,0:00,3:00
DCE1,Fri,7:00,9:00
DCE1,Fri,12:00,13:00
DCE1,Fri,16:00,17:00
DCE1,Fri,21:00,0:00
DCE1,Sat,0:00,3:00
DCE1,Sat,7:00,8:00
DCE1,Sat,12:00,13:00
DCE1,Sat,16:00,17:00
DCE1,Sat,21:00,0:00
DCF1,Sun,1:00,2:00
DCF1,Sun,6:00,7:00
DCF1,Sun,8:00,9:00
DCF1,Sun,18:00,19:00
DCF1,Sun,20:00,21:00
DCF1,Mon,1:00,2:00
DCF1,Mon,6:00,7:00
DCF1,Mon,8:00,9:00
DCF1,Mon,13:00,14:00
DCF1,Mon,20:00,21:00
DCF1,Tue,1:00,2:00
DCF1,Tue,6:00,7:00
DCF1,Tue,8:00,9:00
DCF1,Tue,18:00,19:00
DCF1,Tue,20:00,21:00
DCF1,Wed,1:00,2:00
DCF1,Wed,6:00,7:00
DCF1,Wed,8:00,9:00
DCF1,Wed,18:00,19:00
DCF1,Wed,20:00,21:00
DCF1,Thu,1:00,2:00
DCF1,Thu,6:00,7:00
DCF1,Thu,8:00,9:00
DCF1,Thu,18:00,19:00
DCF1,Thu,20:00,21:00
DCF1,Fri,1:00,2:00
DCF1,Fri,6:00,7:00
DCF1,Fri,8:00,9:00
DCF1,Fri,18:00,19:00
DCF1,Fri,20:00,21:00
DCF1,Sat,1:00,2:00
DCF1,Sat,6:00,7:00
DCF1,Sat,8:00,9:00
DCF1,Sat,18:00,19:00
DCF1,Sat,20:00,21:00
DCR2,Sun,16:00,23:00
DCR2,Mon,16:00,23:00
DCR2,Tue,16:00,23:00
DCR2,Wed,16:00,23:00
DCR2,Thu,16:00,23:00
DCR2,Fri,16:00,23:00
DCR2,Sat,16:00,23:00
DCR3,Sun,1:00,3:00
DCR3,Sun,10:00,12:00
DCR3,Sun,13:00,15:00
DCR3,Sun,16:00,17:00
DCR3,Mon,1:00,3:00
DCR3,Mon,10:00,12:00
DCR3,Mon,13:00,15:00
DCR3,Mon,16:00,17:00
DCR3,Tue,1:00,3:00
DCR3,Tue,10:00,12:00
DCR3,Tue,13:00,15:00
DCR3,Tue,16:00,17:00
DCR3,Wed,1:00,3:00
DCR3,Wed,10:00,12:00
DCR3,Wed,13:00,15:00
DCR3,Wed,16:00,17:00
DCR3,Thu,1:00,3:00
DCR3,Thu,10:00,12:00
DCR3,Thu,13:00,15:00
DCR3,Thu,16:00,17:00
DCR3,Fri,1:00,3:00
DCR3,Fri,10:00,12:00
DCR3,Fri,13:00,15:00
DCR3,Fri,16:00,17:00
DCR3,Sat,1:00,3:00
DCR3,Sat,10:00,12:00
DCR3,Sat,13:00,15:00
DCR3,Sat,16:00,17:00
DDD1,Sun,0:00,8:00
DDD1,Sun,16:00,17:00
DDD1,Sun,21:00,23:00
DDD1,Mon,0:00,8:00
DDD1,Mon,16:00,17:00
DDD1,Mon,21:00,23:00
DDD1,Tue,0:00,8:00
DDD1,Tue,16:00,17:00
DDD1,Tue,21:00,23:00
DDD1,Wed,0:00,8:00
DDD1,Wed,16:00,17:00
DDD1,Wed,21:00,23:00
DDD1,Thu,0:00,8:00
DDD1,Thu,16:00,17:00
DDD1,Thu,21:00,23:00
DDD1,Fri,0:00,8:00
DDD1,Fri,16:00,17:00
DDD1,Fri,21:00,23:00
DDD1,Sat,0:00,8:00
DDD1,Sat,16:00,17:00
DDD1,Sat,21:00,23:00
DDN1,Sun,1:00,3:00
DDN1,Sun,4:00,7:00
DDN1,Sun,15:00,17:00
DDN1,Sun,21:00,23:00
DDN1,Mon,1:00,3:00
DDN1,Mon,5:00,7:00
DDN1,Mon,15:00,17:00
DDN1,Mon,21:00,23:00
DDN1,Tue,1:00,3:00
DDN1,Tue,5:00,7:00
DDN1,Tue,15:00,17:00
DDN1,Tue,21:00,23:00
DDN1,Wed,1:00,3:00
DDN1,Wed,5:00,7:00
DDN1,Wed,15:00,17:00
DDN1,Wed,21:00,23:00
DDN1,Thu,1:00,3:00
DDN1,Thu,5:00,7:00
DDN1,Thu,15:00,17:00
DDN1,Thu,21:00,23:00
DDN1,Fri,1:00,3:00
DDN1,Fri,5:00,7:00
DDN1,Fri,15:00,17:00
DDN1,Fri,21:00,23:00
DDN1,Sat,1:00,3:00
DDN1,Sat,5:00,7:00
DDN1,Sat,15:00,17:00
DDN1,Sat,21:00,23:00
DEH1,Sun,0:00,8:00
DEH1,Sun,14:00,16:00
DEH1,Sun,18:00,0:00
DEH1,Mon,0:00,8:00
DEH1,Mon,14:00,16:00
DEH1,Mon,18:00,0:00
DEH1,Tue,0:00,8:00
DEH1,Tue,14:00,16:00
DEH1,Tue,18:00,0:00
DEH1,Wed,0:00,8:00
DEH1,Wed,14:00,16:00
DEH1,Wed,18:00,0:00
DEH1,Thu,0:00,8:00
DEH1,Thu,14:00,16:00
DEH1,Thu,18:00,0:00
DEH1,Fri,0:00,8:00
DEH1,Fri,14:00,16:00
DEH1,Fri,18:00,0:00
DEH1,Sat,0:00,8:00
DEH1,Sat,14:00,16:00
DEH1,Sat,18:00,0:00
DEX1,Sun,0:00,8:00
DEX1,Sun,14:00,16:00
DEX1,Sun,18:00,0:00
DEX1,Mon,0:00,8:00
DEX1,Mon,14:00,16:00
DEX1,Mon,18:00,0:00
DEX1,Tue,0:00,8:00
DEX1,Tue,14:00,16:00
DEX1,Tue,18:00,0:00
DEX1,Wed,0:00,8:00
DEX1,Wed,14:00,16:00
DEX1,Wed,18:00,0:00
DEX1,Thu,0:00,8:00
DEX1,Thu,14:00,16:00
DEX1,Thu,18:00,0:00
DEX1,Fri,0:00,8:00
DEX1,Fri,14:00,16:00
DEX1,Fri,18:00,0:00
DEX1,Sat,0:00,8:00
DEX1,Sat,14:00,16:00
DEX1,Sat,18:00,0:00
DEX2,Sun,0:00,8:00
DEX2,Sun,14:00,16:00
DEX2,Sun,19:00,0:00
DEX2,Mon,0:00,8:00
DEX2,Mon,14:00,16:00
DEX2,Mon,19:00,0:00
DEX2,Tue,0:00,8:00
DEX2,Tue,14:00,16:00
DEX2,Tue,19:00,0:00
DEX2,Wed,0:00,8:00
DEX2,Wed,14:00,16:00
DEX2,Wed,19:00,0:00
DEX2,Thu,0:00,8:00
DEX2,Thu,14:00,16:00
DEX2,Thu,19:00,0:00
DEX2,Fri,0:00,8:00
DEX2,Fri,14:00,16:00
DEX2,Fri,19:00,0:00
DEX2,Sat,0:00,8:00
DEX2,Sat,14:00,16:00
DEX2,Sat,19:00,0:00
DHA1,Sun,0:00,7:00
DHA1,Sun,14:00,16:00
DHA1,Sun,18:00,0:00
DHA1,Mon,0:00,7:00
DHA1,Mon,14:00,16:00
DHA1,Mon,18:00,0:00
DHA1,Tue,0:00,7:00
DHA1,Tue,14:00,16:00
DHA1,Tue,18:00,0:00
DHA1,Wed,0:00,7:00
DHA1,Wed,14:00,16:00
DHA1,Wed,18:00,0:00
DHA1,Thu,0:00,7:00
DHA1,Thu,14:00,16:00
DHA1,Thu,18:00,0:00
DHA1,Fri,0:00,7:00
DHA1,Fri,14:00,16:00
DHA1,Fri,18:00,0:00
DHA1,Sat,0:00,7:00
DHA1,Sat,14:00,16:00
DHA1,Sat,18:00,0:00
DHA2,Sun,0:00,1:00
DHA2,Sun,9:00,10:00
DHA2,Sun,13:00,14:00
DHA2,Sun,20:00,22:00
DHA2,Mon,0:00,1:00
DHA2,Mon,9:00,10:00
DHA2,Mon,13:00,14:00
DHA2,Mon,20:00,22:00
DHA2,Tue,0:00,1:00
DHA2,Tue,9:00,10:00
DHA2,Tue,13:00,14:00
DHA2,Tue,20:00,22:00
DHA2,Wed,0:00,1:00
DHA2,Wed,9:00,10:00
DHA2,Wed,13:00,14:00
DHA2,Wed,20:00,22:00
DHA2,Thu,0:00,1:00
DHA2,Thu,9:00,10:00
DHA2,Thu,13:00,14:00
DHA2,Thu,20:00,22:00
DHA2,Fri,0:00,1:00
DHA2,Fri,9:00,10:00
DHA2,Fri,13:00,14:00
DHA2,Fri,20:00,22:00
DHA2,Sat,0:00,1:00
DHA2,Sat,9:00,10:00
DHA2,Sat,13:00,14:00
DHA2,Sat,20:00,22:00
DHP1,Sun,0:00,1:00
DHP1,Sun,2:00,3:00
DHP1,Sun,5:00,6:00
DHP1,Sun,20:00,0:00
DHP1,Mon,0:00,1:00
DHP1,Mon,2:00,3:00
DHP1,Mon,5:00,6:00
DHP1,Mon,20:00,0:00
DHP1,Tue,0:00,1:00
DHP1,Tue,2:00,3:00
DHP1,Tue,5:00,6:00
DHP1,Tue,20:00,0:00
DHP1,Wed,0:00,1:00
DHP1,Wed,2:00,3:00
DHP1,Wed,5:00,6:00
DHP1,Wed,20:00,0:00
DHP1,Thu,0:00,1:00
DHP1,Thu,2:00,3:00
DHP1,Thu,5:00,6:00
DHP1,Thu,20:00,0:00
DHP1,Fri,0:00,1:00
DHP1,Fri,2:00,3:00
DHP1,Fri,5:00,6:00
DHP1,Fri,20:00,0:00
DHP1,Sat,0:00,1:00
DHP1,Sat,2:00,3:00
DHP1,Sat,5:00,6:00
DHP1,Sat,20:00,0:00
DHU1,Sun,2:00,3:00
DHU1,Sun,5:00,7:00
DHU1,Sun,14:00,0:00
DHU1,Mon,2:00,3:00
DHU1,Mon,5:00,7:00
DHU1,Mon,14:00,0:00
DHU1,Tue,2:00,3:00
DHU1,Tue,5:00,7:00
DHU1,Tue,14:00,0:00
DHU1,Wed,2:00,3:00
DHU1,Wed,5:00,7:00
DHU1,Wed,14:00,0:00
DHU1,Thu,2:00,3:00
DHU1,Thu,5:00,7:00
DHU1,Thu,14:00,0:00
DHU1,Fri,2:00,3:00
DHU1,Fri,5:00,7:00
DHU1,Fri,14:00,0:00
DHU1,Sat,2:00,3:00
DHU1,Sat,5:00,7:00
DHU1,Sat,14:00,0:00
DHU2,Sun,1:00,8:00
DHU2,Sun,13:00,14:00
DHU2,Sun,17:00,23:00
DHU2,Mon,1:00,8:00
DHU2,Mon,13:00,14:00
DHU2,Mon,17:00,23:00
DHU2,Tue,1:00,8:00
DHU2,Tue,13:00,14:00
DHU2,Tue,17:00,23:00
DHU2,Wed,1:00,8:00
DHU2,Wed,13:00,14:00
DHU2,Wed,17:00,23:00
DHU2,Thu,1:00,8:00
DHU2,Thu,13:00,14:00
DHU2,Thu,17:00,23:00
DHU2,Fri,1:00,8:00
DHU2,Fri,13:00,14:00
DHU2,Fri,17:00,23:00
DHU2,Sat,1:00,8:00
DHU2,Sat,13:00,14:00
DHU2,Sat,17:00,23:00
DHW1,Sun,12:00,20:00
DHW1,Mon,12:00,20:00
DHW1,Tue,12:00,20:00
DHW1,Wed,12:00,20:00
DHW1,Thu,12:00,20:00
DHW1,Fri,12:00,20:00
DHW1,Sat,12:00,20:00
DIG1,Sun,0:00,1:00
DIG1,Sun,6:00,9:00
DIG1,Sun,13:00,0:00
DIG1,Mon,0:00,1:00
DIG1,Mon,6:00,9:00
DIG1,Mon,13:00,0:00
DIG1,Tue,0:00,1:00
DIG1,Tue,6:00,9:00
DIG1,Tue,13:00,0:00
DIG1,Wed,0:00,1:00
DIG1,Wed,6:00,9:00
DIG1,Wed,13:00,0:00
DIG1,Thu,0:00,1:00
DIG1,Thu,6:00,9:00
DIG1,Thu,13:00,0:00
DIG1,Fri,0:00,1:00
DIG1,Fri,6:00,9:00
DIG1,Fri,13:00,0:00
DIG1,Sat,0:00,1:00
DIG1,Sat,6:00,9:00
DIG1,Sat,13:00,0:00
DIP1,Sun,0:00,10:00
DIP1,Sun,21:00,0:00
DIP1,Mon,0:00,10:00
DIP1,Mon,21:00,0:00
DIP1,Tue,0:00,10:00
DIP1,Tue,21:00,0:00
DIP1,Wed,0:00,10:00
DIP1,Wed,21:00,0:00
DIP1,Thu,0:00,10:00
DIP1,Thu,21:00,0:00
DIP1,Fri,0:00,10:00
DIP1,Fri,21:00,0:00
DIP1,Sat,0:00,10:00
DIP1,Sat,21:00,0:00
DLS2,Sun,0:00,6:00
DLS2,Sun,16:00,17:00
DLS2,Sun,19:00,23:00
DLS2,Mon,0:00,6:00
DLS2,Mon,16:00,17:00
DLS2,Mon,19:00,23:00
DLS2,Tue,0:00,6:00
DLS2,Tue,16:00,17:00
DLS2,Tue,19:00,23:00
DLS2,Wed,0:00,6:00
DLS2,Wed,16:00,17:00
DLS2,Wed,19:00,23:00
DLS2,Thu,0:00,6:00
DLS2,Thu,16:00,17:00
DLS2,Thu,19:00,23:00
DLS2,Fri,0:00,6:00
DLS2,Fri,16:00,17:00
DLS2,Fri,19:00,23:00
DLS2,Sat,0:00,6:00
DLS2,Sat,16:00,17:00
DLS2,Sat,19:00,23:00
DLS4,Sun,2:00,15:00
DLS4,Mon,2:00,15:00
DLS4,Tue,2:00,15:00
DLS4,Wed,2:00,15:00
DLS4,Thu,2:00,15:00
DLS4,Fri,2:00,15:00
DLS4,Sat,2:00,15:00
DLU1,Sun,2:00,8:00
DLU1,Sun,12:00,17:00
DLU1,Sun,20:00,23:00
DLU1,Mon,2:00,8:00
DLU1,Mon,12:00,17:00
DLU1,Mon,20:00,23:00
DLU1,Tue,2:00,8:00
DLU1,Tue,12:00,17:00
DLU1,Tue,20:00,23:00
DLU1,Wed,2:00,8:00
DLU1,Wed,12:00,17:00
DLU1,Wed,20:00,23:00
DLU1,Thu,2:00,8:00
DLU1,Thu,12:00,17:00
DLU1,Thu,20:00,23:00
DLU1,Fri,2:00,8:00
DLU1,Fri,12:00,17:00
DLU1,Fri,20:00,23:00
DLU1,Sat,2:00,8:00
DLU1,Sat,12:00,17:00
DLU1,Sat,20:00,23:00
DLU2,Sun,0:00,9:00
DLU2,Sun,15:00,16:00
DLU2,Sun,19:00,0:00
DLU2,Mon,0:00,9:00
DLU2,Mon,15:00,16:00
DLU2,Mon,19:00,0:00
DLU2,Tue,0:00,9:00
DLU2,Tue,15:00,16:00
DLU2,Tue,19:00,0:00
DLU2,Wed,0:00,9:00
DLU2,Wed,15:00,16:00
DLU2,Wed,19:00,0:00
DLU2,Thu,0:00,9:00
DLU2,Thu,15:00,16:00
DLU2,Thu,19:00,0:00
DLU2,Fri,0:00,9:00
DLU2,Fri,15:00,16:00
DLU2,Fri,19:00,0:00
DLU2,Sat,0:00,9:00
DLU2,Sat,15:00,16:00
DLU2,Sat,19:00,0:00
DME1,Sun,0:00,8:30
DME1,Sun,14:00,16:00
DME1,Sun,19:00,0:00
DME1,Mon,0:00,8:30
DME1,Mon,14:00,16:00
DME1,Mon,19:00,0:00
DME1,Tue,0:00,8:30
DME1,Tue,14:00,16:00
DME1,Tue,19:00,0:00
DME1,Wed,0:00,8:30
DME1,Wed,14:00,16:00
DME1,Wed,19:00,0:00
DME1,Thu,0:00,8:30
DME1,Thu,14:00,16:00
DME1,Thu,19:00,0:00
DME1,Fri,0:00,8:30
DME1,Fri,14:00,16:00
DME1,Fri,19:00,0:00
DME1,Sat,0:00,8:30
DME1,Sat,14:00,16:00
DME1,Sat,19:00,0:00
DME4,Mon,0:00,8:45
DME4,Mon,13:00,23:59
DME4,Tue,0:00,8:45
DME4,Tue,13:00,23:59
DME4,Wed,0:00,8:45
DME4,Wed,13:00,23:59
DME4,Thu,0:00,8:45
DME4,Thu,13:00,23:59
DME4,Fri,0:00,8:45
DME4,Fri,13:00,23:59
DNE1,Sun,0:00,10:00
DNE1,Sun,14:00,0:00
DNE1,Mon,0:00,10:00
DNE1,Mon,14:00,0:00
DNE1,Tue,0:00,10:00
DNE1,Tue,14:00,0:00
DNE1,Wed,0:00,10:00
DNE1,Wed,14:00,0:00
DNE1,Thu,0:00,10:00
DNE1,Thu,14:00,0:00
DNE1,Fri,0:00,10:00
DNE1,Fri,14:00,0:00
DNE1,Sat,0:00,10:00
DNE1,Sat,14:00,0:00
DNE2,Sun,0:00,9:00
DNE2,Sun,14:00,16:00
DNE2,Sun,18:30,0:00
DNE2,Mon,0:00,9:00
DNE2,Mon,14:00,16:00
DNE2,Mon,18:30,0:00
DNE2,Tue,0:00,9:00
DNE2,Tue,14:00,16:00
DNE2,Tue,18:30,0:00
DNE2,Wed,0:00,9:00
DNE2,Wed,14:00,16:00
DNE2,Wed,18:30,0:00
DNE2,Thu,0:00,9:00
DNE2,Thu,14:00,16:00
DNE2,Thu,18:30,0:00
DNE2,Fri,0:00,9:00
DNE2,Fri,14:00,16:00
DNE2,Fri,18:30,0:00
DNE2,Sat,0:00,9:00
DNE2,Sat,14:00,16:00
DNE2,Sat,18:30,0:00
DNG1,Sun,0:00,8:00
DNG1,Mon,0:00,8:00
DNG1,Tue,0:00,8:00
DNG1,Wed,0:00,8:00
DNG1,Thu,0:00,8:00
DNG1,Fri,0:00,8:00
DNG1,Sat,0:00,8:00
DNG2,Sun,1:00,3:00
DNG2,Sun,5:00,8:00
DNG2,Sun,15:00,18:00
DNG2,Sun,20:00,22:00
DNG2,Sun,22:00,22:00
DNG2,Mon,1:00,3:00
DNG2,Mon,5:00,8:00
DNG2,Mon,15:00,18:00
DNG2,Mon,20:00,22:00
DNG2,Mon,22:00,22:00
DNG2,Tue,1:00,3:00
DNG2,Tue,5:00,8:00
DNG2,Tue,15:00,18:00
DNG2,Tue,20:00,22:00
DNG2,Tue,22:00,22:00
DNG2,Wed,1:00,3:00
DNG2,Wed,5:00,8:00
DNG2,Wed,15:00,18:00
DNG2,Wed,20:00,22:00
DNG2,Wed,22:00,22:00
DNG2,Thu,1:00,3:00
DNG2,Thu,5:00,8:00
DNG2,Thu,15:00,18:00
DNG2,Thu,20:00,22:00
DNG2,Thu,22:00,22:00
DNG2,Fri,1:00,3:00
DNG2,Fri,5:00,8:00
DNG2,Fri,15:00,18:00
DNG2,Fri,20:00,22:00
DNG2,Fri,22:00,22:00
DNG2,Sat,1:00,3:00
DNG2,Sat,5:00,8:00
DNG2,Sat,15:00,18:00
DNG2,Sat,20:00,22:00
DNG2,Sat,22:00,22:00
DNN1,Sun,0:00,4:00
DNN1,Sun,14:00,21:00
DNN1,Mon,0:00,4:00
DNN1,Mon,14:00,21:00
DNN1,Tue,0:00,4:00
DNN1,Tue,14:00,21:00
DNN1,Wed,0:00,4:00
DNN1,Wed,14:00,21:00
DNN1,Thu,0:00,4:00
DNN1,Thu,14:00,21:00
DNN1,Fri,0:00,4:00
DNN1,Fri,14:00,21:00
DNN1,Sat,0:00,4:00
DNN1,Sat,14:00,21:00
DNR1,Sun,0:00,7:00
DNR1,Sun,8:00,9:00
DNR1,Sun,17:00,0:00
DNR1,Mon,0:00,7:00
DNR1,Mon,8:00,9:00
DNR1,Mon,17:00,0:00
DNR1,Tue,0:00,7:00
DNR1,Tue,8:00,9:00
DNR1,Tue,17:00,0:00
DNR1,Wed,0:00,7:00
DNR1,Wed,8:00,9:00
DNR1,Wed,17:00,0:00
DNR1,Thu,0:00,7:00
DNR1,Thu,8:00,9:00
DNR1,Thu,17:00,0:00
DNR1,Fri,0:00,7:00
DNR1,Fri,8:00,9:00
DNR1,Fri,17:00,0:00
DNR1,Sat,0:00,7:00
DNR1,Sat,8:00,9:00
DNR1,Sat,17:00,0:00
DOX2,Sun,0:00,8:00
DOX2,Sun,15:00,0:00
DOX2,Mon,0:00,8:00
DOX2,Mon,15:00,0:00
DOX2,Tue,0:00,8:00
DOX2,Tue,15:00,0:00
DOX2,Wed,0:00,8:00
DOX2,Wed,15:00,0:00
DOX2,Thu,0:00,8:00
DOX2,Thu,15:00,0:00
DOX2,Fri,0:00,8:00
DOX2,Fri,15:00,0:00
DOX2,Sat,0:00,8:00
DOX2,Sat,15:00,0:00
DPE1,Sun,0:00,6:00
DPE1,Sun,14:00,0:00
DPE1,Mon,0:00,6:00
DPE1,Mon,14:00,0:00
DPE1,Tue,0:00,6:00
DPE1,Tue,14:00,0:00
DPE1,Wed,0:00,6:00
DPE1,Wed,14:00,0:00
DPE1,Thu,0:00,6:00
DPE1,Thu,14:00,0:00
DPE1,Fri,0:00,6:00
DPE1,Fri,14:00,0:00
DPE1,Sat,0:00,6:00
DPE1,Sat,14:00,0:00
DPE2,Sun,0:00,9:00
DPE2,Sun,14:00,22:00
DPE2,Mon,0:00,9:00
DPE2,Mon,14:00,22:00
DPE2,Tue,0:00,9:00
DPE2,Tue,14:00,22:00
DPE2,Wed,0:00,9:00
DPE2,Wed,14:00,22:00
DPE2,Thu,0:00,9:00
DPE2,Thu,14:00,22:00
DPE2,Fri,0:00,9:00
DPE2,Fri,14:00,22:00
DPE2,Sat,0:00,9:00
DPE2,Sat,14:00,22:00
DPN1,Sun,22:00,0:00
DPN1,Sun,0:00,3:00
DPN1,Sun,11:30,13:30
DPN1,Mon,22:00,0:00
DPN1,Mon,0:00,3:00
DPN1,Mon,11:30,13:30
DPN1,Tue,22:00,0:00
DPN1,Tue,0:00,3:00
DPN1,Tue,11:30,13:30
DPN1,Wed,22:00,0:00
DPN1,Wed,0:00,3:00
DPN1,Wed,11:30,13:30
DPN1,Thu,22:00,0:00
DPN1,Thu,0:00,3:00
DPN1,Thu,11:30,13:30
DPN1,Fri,22:00,0:00
DPN1,Fri,0:00,3:00
DPN1,Fri,11:30,13:30
DPN1,Sat,22:00,0:00
DPN1,Sat,0:00,3:00
DPN1,Sat,11:30,13:30
DPO1,Sun,0:00,3:00
DPO1,Sun,6:00,9:00
DPO1,Sun,21:00,0:00
DPO1,Mon,0:00,3:00
DPO1,Mon,6:00,9:00
DPO1,Mon,21:00,0:00
DPO1,Tue,0:00,3:00
DPO1,Tue,6:00,9:00
DPO1,Tue,21:00,0:00
DPO1,Wed,0:00,3:00
DPO1,Wed,6:00,9:00
DPO1,Wed,21:00,0:00
DPO1,Thu,0:00,3:00
DPO1,Thu,6:00,9:00
DPO1,Thu,21:00,0:00
DPO1,Fri,0:00,3:00
DPO1,Fri,6:00,9:00
DPO1,Fri,21:00,0:00
DPO1,Sat,0:00,3:00
DPO1,Sat,6:00,9:00
DPO1,Sat,21:00,0:00
DPR1,Sun,0:00,1:00
DPR1,Sun,2:00,8:00
DPR1,Sun,13:00,15:00
DPR1,Sun,17:00,19:00
DPR1,Sun,20:00,21:00
DPR1,Sun,22:00,0:00
DPR1,Mon,0:00,1:00
DPR1,Mon,2:00,8:00
DPR1,Mon,13:00,15:00
DPR1,Mon,17:00,19:00
DPR1,Mon,20:00,21:00
DPR1,Mon,22:00,0:00
DPR1,Tue,0:00,1:00
DPR1,Tue,2:00,8:00
DPR1,Tue,13:00,15:00
DPR1,Tue,17:00,19:00
DPR1,Tue,20:00,21:00
DPR1,Tue,22:00,0:00
DPR1,Wed,0:00,1:00
DPR1,Wed,2:00,8:00
DPR1,Wed,13:00,15:00
DPR1,Wed,17:00,19:00
DPR1,Wed,20:00,21:00
DPR1,Wed,22:00,0:00
DPR1,Thu,0:00,1:00
DPR1,Thu,2:00,8:00
DPR1,Thu,13:00,15:00
DPR1,Thu,17:00,19:00
DPR1,Thu,20:00,21:00
DPR1,Thu,22:00,0:00
DPR1,Fri,0:00,1:00
DPR1,Fri,2:00,8:00
DPR1,Fri,13:00,15:00
DPR1,Fri,17:00,19:00
DPR1,Fri,20:00,21:00
DPR1,Fri,22:00,0:00
DPR1,Sat,0:00,1:00
DPR1,Sat,2:00,8:00
DPR1,Sat,13:00,15:00
DPR1,Sat,17:00,19:00
DPR1,Sat,20:00,21:00
DPR1,Sat,22:00,0:00
DRG2,Sun,6:00,9:00
DRG2,Sun,11:00,15:00
DRG2,Sun,18:00,0:00
DRG2,Mon,6:00,9:00
DRG2,Mon,11:00,15:00
DRG2,Mon,18:00,0:00
DRG2,Tue,6:00,9:00
DRG2,Tue,11:00,15:00
DRG2,Tue,18:00,0:00
DRG2,Wed,6:00,9:00
DRG2,Wed,11:00,15:00
DRG2,Wed,18:00,0:00
DRG2,Thu,6:00,9:00
DRG2,Thu,11:00,15:00
DRG2,Thu,18:00,0:00
DRG2,Fri,6:00,9:00
DRG2,Fri,11:00,15:00
DRG2,Fri,18:00,0:00
DRG2,Sat,6:00,9:00
DRG2,Sat,11:00,15:00
DRG2,Sat,18:00,0:00
DRH1,Sun,1:00,9:00
DRH1,Mon,1:00,9:00
DRH1,Tue,1:00,9:00
DRH1,Wed,1:00,9:00
DRH1,Thu,1:00,9:00
DRH1,Fri,1:00,9:00
DRH1,Sat,1:00,9:00
DRM2,Sun,0:00,1:00
DRM2,Sun,2:00,5:00
DRM2,Sun,6:00,9:00
DRM2,Sun,12:00,20:00
DRM2,Sun,21:00,0:00
DRM2,Mon,0:00,1:00
DRM2,Mon,2:00,5:00
DRM2,Mon,6:00,9:00
DRM2,Mon,12:00,20:00
DRM2,Mon,21:00,0:00
DRM2,Tue,0:00,1:00
DRM2,Tue,2:00,5:00
DRM2,Tue,6:00,9:00
DRM2,Tue,12:00,20:00
DRM2,Tue,21:00,0:00
DRM2,Wed,0:00,1:00
DRM2,Wed,2:00,5:00
DRM2,Wed,6:00,9:00
DRM2,Wed,12:00,20:00
DRM2,Wed,21:00,0:00
DRM2,Thu,0:00,1:00
DRM2,Thu,2:00,5:00
DRM2,Thu,6:00,9:00
DRM2,Thu,12:00,20:00
DRM2,Thu,21:00,0:00
DRM2,Fri,0:00,1:00
DRM2,Fri,2:00,5:00
DRM2,Fri,6:00,9:00
DRM2,Fri,12:00,20:00
DRM2,Fri,21:00,0:00
DRM2,Sat,0:00,1:00
DRM2,Sat,2:00,5:00
DRM2,Sat,6:00,9:00
DRM2,Sat,12:00,20:00
DRM2,Sat,21:00,0:00
DRM4,Sun,5:00,9:00
DRM4,Sun,12:00,21:00
DRM4,Mon,5:00,9:00
DRM4,Mon,12:00,21:00
DRM4,Tue,5:00,9:00
DRM4,Tue,12:00,21:00
DRM4,Wed,5:00,9:00
DRM4,Wed,12:00,21:00
DRM4,Thu,5:00,9:00
DRM4,Thu,12:00,21:00
DRM4,Fri,5:00,9:00
DRM4,Fri,12:00,21:00
DRM4,Sat,5:00,9:00
DRM4,Sat,12:00,21:00
DRM5,Sun,11:00,14:00
DRM5,Sun,21:00,23:00
DRM5,Mon,11:00,14:00
DRM5,Mon,21:00,23:00
DRM5,Tue,11:00,14:00
DRM5,Tue,21:00,23:00
DRM5,Wed,11:00,14:00
DRM5,Wed,21:00,23:00
DRM5,Thu,11:00,14:00
DRM5,Thu,21:00,23:00
DRM5,Fri,11:00,14:00
DRM5,Fri,21:00,23:00
DRM5,Sat,11:00,14:00
DRM5,Sat,21:00,23:00
DRR1,Sun,14:00,21:00
DRR1,Mon,14:00,21:00
DRR1,Tue,14:00,21:00
DRR1,Wed,14:00,21:00
DRR1,Thu,14:00,21:00
DRR1,Fri,14:00,21:00
DRR1,Sat,14:00,21:00
DSA1,Sun,13:15,19:00
DSA1,Mon,13:15,19:00
DSA1,Tue,13:15,19:00
DSA1,Wed,13:15,19:00
DSA1,Thu,13:15,19:00
DSA1,Fri,13:15,19:00
DSA1,Sat,13:15,19:00
DSA6,Sun,0:00,5:00
DSA6,Sun,8:00,18:00
DSA6,Sun,19:00,22:00
DSA6,Mon,0:00,5:00
DSA6,Mon,8:00,18:00
DSA6,Mon,19:00,22:00
DSA6,Tue,0:00,5:00
DSA6,Tue,8:00,18:00
DSA6,Tue,19:00,22:00
DSA6,Wed,0:00,5:00
DSA6,Wed,8:00,18:00
DSA6,Wed,19:00,22:00
DSA6,Thu,0:00,5:00
DSA6,Thu,8:00,18:00
DSA6,Thu,19:00,22:00
DSA6,Fri,0:00,5:00
DSA6,Fri,8:00,18:00
DSA6,Fri,19:00,22:00
DSA6,Sat,0:00,5:00
DSA6,Sat,8:00,18:00
DSA6,Sat,19:00,22:00
DSN1,Sun,6:00,9:00
DSN1,Sun,13:00,14:00
DSN1,Sun,16:00,17:00
DSN1,Sun,18:00,20:00
DSN1,Sun,21:00,0:00
DSN1,Mon,6:00,9:00
DSN1,Mon,13:00,14:00
DSN1,Mon,16:00,17:00
DSN1,Mon,18:00,20:00
DSN1,Mon,21:00,0:00
DSN1,Tue,6:00,9:00
DSN1,Tue,13:00,14:00
DSN1,Tue,16:00,17:00
DSN1,Tue,18:00,20:00
DSN1,Tue,21:00,0:00
DSN1,Wed,6:00,9:00
DSN1,Wed,13:00,14:00
DSN1,Wed,16:00,17:00
DSN1,Wed,18:00,20:00
DSN1,Wed,21:00,0:00
DSN1,Thu,6:00,9:00
DSN1,Thu,13:00,14:00
DSN1,Thu,16:00,17:00
DSN1,Thu,18:00,20:00
DSN1,Thu,21:00,0:00
DSN1,Fri,6:00,9:00
DSN1,Fri,13:00,14:00
DSN1,Fri,16:00,17:00
DSN1,Fri,18:00,20:00
DSN1,Fri,21:00,0:00
DSN1,Sat,6:00,9:00
DSN1,Sat,13:00,14:00
DSN1,Sat,16:00,17:00
DSN1,Sat,18:00,20:00
DSN1,Sat,21:00,0:00
DSO1,Sun,0:00,10:00
DSO1,Sun,14:00,17:00
DSO1,Sun,19:00,0:00
DSO1,Mon,0:00,10:00
DSO1,Mon,14:00,17:00
DSO1,Mon,19:00,0:00
DSO1,Tue,0:00,10:00
DSO1,Tue,14:00,17:00
DSO1,Tue,19:00,0:00
DSO1,Wed,0:00,10:00
DSO1,Wed,14:00,17:00
DSO1,Wed,19:00,0:00
DSO1,Thu,0:00,10:00
DSO1,Thu,14:00,17:00
DSO1,Thu,19:00,0:00
DSO1,Fri,0:00,10:00
DSO1,Fri,14:00,17:00
DSO1,Fri,19:00,0:00
DSO1,Sat,0:00,10:00
DSO1,Sat,14:00,17:00
DSO1,Sat,19:00,0:00
DSO2,Sun,0:00,8:00
DSO2,Sun,13:30,0:00
DSO2,Mon,2:00,4:00
DSO2,Mon,15:30,20:00
DSO2,Tue,4:00,12:00
DSO2,Tue,16:00,17:30
DSO2,Wed,6:00,8:00
DSO2,Wed,19:30,0:00
DSO2,Thu,8:00,16:00
DSO2,Thu,21:30,0:00
DSO2,Fri,10:00,12:00
DSO2,Fri,16:00,23:30
DSO2,Sat,12:00,20:00
DSO2,Sat,0:00,1:30
DSS2,Sun,0:00,9:00
DSS2,Sun,23:45,0:00
DSS2,Mon,0:00,9:00
DSS2,Mon,23:45,0:00
DSS2,Tue,0:00,9:00
DSS2,Tue,23:45,0:00
DSS2,Wed,0:00,9:00
DSS2,Wed,23:45,0:00
DSS2,Thu,0:00,9:00
DSS2,Thu,23:45,0:00
DSS2,Fri,0:00,9:00
DSS2,Fri,23:45,0:00
DSS2,Sat,0:00,9:00
DSS2,Sat,23:45,0:00
DST1,Sun,0:00,9:00
DST1,Sun,13:00,0:00
DST1,Mon,0:00,9:00
DST1,Mon,13:00,0:00
DST1,Tue,0:00,9:00
DST1,Tue,13:00,0:00
DST1,Wed,0:00,9:00
DST1,Wed,13:00,0:00
DST1,Thu,0:00,9:00
DST1,Thu,13:00,0:00
DST1,Fri,0:00,9:00
DST1,Fri,13:00,0:00
DST1,Sat,0:00,9:00
DST1,Sat,13:00,0:00
DWN1,Sun,1:00,9:00
DWN1,Sun,14:00,23:00
DWN1,Mon,1:00,9:00
DWN1,Mon,14:00,23:00
DWN1,Tue,1:00,9:00
DWN1,Tue,14:00,23:00
DWN1,Wed,1:00,9:00
DWN1,Wed,14:00,23:00
DWN1,Thu,1:00,9:00
DWN1,Thu,14:00,23:00
DWN1,Fri,1:00,9:00
DWN1,Fri,14:00,23:00
DWN1,Sat,1:00,9:00
DWN1,Sat,14:00,23:00
DWN2,Sun,1:00,8:00
DWN2,Sun,14:00,23:00
DWN2,Mon,1:00,8:00
DWN2,Mon,14:00,23:00
DWN2,Tue,1:00,8:00
DWN2,Tue,14:00,23:00
DWN2,Wed,1:00,8:00
DWN2,Wed,14:00,23:00
DWN2,Thu,1:00,8:00
DWN2,Thu,14:00,23:00
DWN2,Fri,1:00,8:00
DWN2,Fri,14:00,23:00
DWN2,Sat,1:00,8:00
DWN2,Sat,14:00,23:00
DWR1,Sun,2:00,3:00
DWR1,Sun,17:00,18:00
DWR1,Sun,19:00,23:00
DWR1,Mon,2:00,3:00
DWR1,Mon,17:00,18:00
DWR1,Mon,19:00,23:00
DWR1,Tue,2:00,3:00
DWR1,Tue,17:00,18:00
DWR1,Tue,19:00,23:00
DWR1,Wed,2:00,3:00
DWR1,Wed,17:00,18:00
DWR1,Wed,19:00,23:00
DWR1,Thu,2:00,3:00
DWR1,Thu,17:00,18:00
DWR1,Thu,19:00,23:00
DWR1,Fri,2:00,3:00
DWR1,Fri,17:00,18:00
DWR1,Fri,19:00,23:00
DWR1,Sat,2:00,3:00
DWR1,Sat,17:00,18:00
DWR1,Sat,19:00,23:00
DXB1,Sun,0:00,8:00
DXB1,Sun,14:00,0:00
DXB1,Mon,0:00,8:00
DXB1,Mon,14:00,0:00
DXB1,Tue,0:00,8:00
DXB1,Tue,14:00,0:00
DXB1,Wed,0:00,8:00
DXB1,Wed,14:00,0:00
DXB1,Thu,0:00,8:00
DXB1,Thu,14:00,0:00
DXB1,Fri,0:00,8:00
DXB1,Fri,14:00,0:00
DXB1,Sat,0:00,8:00
DXB1,Sat,14:00,0:00
DXE1,Sun,0:00,8:00
DXE1,Sun,14:00,17:00
DXE1,Sun,19:00,0:00
DXE1,Mon,0:00,8:00
DXE1,Mon,14:00,17:00
DXE1,Mon,19:00,0:00
DXE1,Tue,0:00,8:00
DXE1,Tue,14:00,17:00
DXE1,Tue,19:00,0:00
DXE1,Wed,0:00,8:00
DXE1,Wed,14:00,17:00
DXE1,Wed,19:00,0:00
DXE1,Thu,0:00,8:00
DXE1,Thu,14:00,17:00
DXE1,Thu,19:00,0:00
DXE1,Fri,0:00,8:00
DXE1,Fri,14:00,17:00
DXE1,Fri,19:00,0:00
DXE1,Sat,0:00,8:00
DXE1,Sat,14:00,17:00
DXE1,Sat,19:00,0:00
DXG1,Sun,0:00,9:00
DXG1,Sun,16:00,0:00
DXG1,Mon,0:00,9:00
DXG1,Mon,16:00,0:00
DXG1,Tue,0:00,9:00
DXG1,Tue,16:00,0:00
DXG1,Wed,0:00,9:00
DXG1,Wed,16:00,0:00
DXG1,Thu,0:00,9:00
DXG1,Thu,16:00,0:00
DXG1,Fri,0:00,9:00
DXG1,Fri,16:00,0:00
DXG1,Sat,0:00,9:00
DXG1,Sat,16:00,0:00
DXG2,Sun,18:00,22:00
DXG2,Sun,0:00,9:30
DXG2,Mon,18:00,22:00
DXG2,Mon,0:00,9:30
DXG2,Tue,18:00,22:00
DXG2,Tue,0:00,9:30
DXG2,Wed,18:00,22:00
DXG2,Wed,0:00,9:30
DXG2,Thu,18:00,22:00
DXG2,Thu,0:00,9:30
DXG2,Fri,18:00,22:00
DXG2,Fri,0:00,9:30
DXG2,Sat,18:00,22:00
DXG2,Sat,0:00,9:30
DXM2,Sun,0:00,7:00
DXM2,Sun,13:00,0:00
DXM2,Mon,0:00,7:00
DXM2,Mon,13:00,0:00
DXM2,Tue,0:00,7:00
DXM2,Tue,13:00,0:00
DXM2,Wed,0:00,7:00
DXM2,Wed,13:00,0:00
DXM2,Thu,0:00,7:00
DXM2,Thu,13:00,0:00
DXM2,Fri,0:00,7:00
DXM2,Fri,13:00,0:00
DXM2,Sat,0:00,7:00
DXM2,Sat,13:00,0:00
DXM3,Sun,18:00,22:00
DXM3,Mon,18:00,22:00
DXM3,Tue,18:00,22:00
DXM3,Wed,18:00,22:00
DXM3,Thu,18:00,22:00
DXM3,Fri,18:00,22:00
DXM3,Sat,18:00,22:00
DXM4,Sun,0:00,1:00
DXM4,Sun,7:00,9:00
DXM4,Sun,13:00,17:00
DXM4,Sun,21:00,22:00
DXM4,Sun,23:00,0:00
DXM4,Mon,0:00,1:00
DXM4,Mon,7:00,9:00
DXM4,Mon,13:00,17:00
DXM4,Mon,21:00,22:00
DXM4,Mon,23:00,0:00
DXM4,Tue,0:00,1:00
DXM4,Tue,7:00,9:00
DXM4,Tue,13:00,17:00
DXM4,Tue,21:00,22:00
DXM4,Tue,23:00,0:00
DXM4,Wed,0:00,1:00
DXM4,Wed,7:00,9:00
DXM4,Wed,13:00,17:00
DXM4,Wed,21:00,22:00
DXM4,Wed,23:00,0:00
DXM4,Thu,0:00,1:00
DXM4,Thu,7:00,9:00
DXM4,Thu,13:00,17:00
DXM4,Thu,21:00,22:00
DXM4,Thu,23:00,0:00
DXM4,Fri,0:00,1:00
DXM4,Fri,7:00,9:00
DXM4,Fri,13:00,17:00
DXM4,Fri,21:00,22:00
DXM4,Fri,23:00,0:00
DXM4,Sat,0:00,1:00
DXM4,Sat,7:00,9:00
DXM4,Sat,13:00,17:00
DXM4,Sat,21:00,22:00
DXM4,Sat,23:00,0:00
DXM5,Sun,6:00,15:00
DXM5,Mon,6:00,15:00
DXM5,Tue,6:00,15:00
DXM5,Wed,6:00,15:00
DXM5,Thu,6:00,15:00
DXM5,Fri,6:00,15:00
DXM5,Sat,6:00,15:00
DXN1,Sun,0:00,8:00
DXN1,Sun,18:00,0:00
DXN1,Mon,0:00,8:00
DXN1,Mon,18:00,0:00
DXN1,Tue,0:00,8:00
DXN1,Tue,18:00,0:00
DXN1,Wed,0:00,8:00
DXN1,Wed,18:00,0:00
DXN1,Thu,0:00,8:00
DXN1,Thu,18:00,0:00
DXN1,Fri,0:00,8:00
DXN1,Fri,18:00,0:00
DXN1,Sat,0:00,8:00
DXN1,Sat,18:00,0:00
DXP1,Sun,0:00,8:00
DXP1,Sun,14:00,15:00
DXP1,Mon,0:00,8:00
DXP1,Mon,14:00,15:00
DXP1,Tue,0:00,8:00
DXP1,Tue,14:00,15:00
DXP1,Wed,0:00,8:00
DXP1,Wed,14:00,15:00
DXP1,Thu,0:00,8:00
DXP1,Thu,14:00,15:00
DXP1,Fri,0:00,8:00
DXP1,Fri,14:00,15:00
DXP1,Sat,0:00,8:00
DXP1,Sat,14:00,15:00
DXP2,Sun,0:00,0:00
DXP2,Mon,0:00,0:00
DXP2,Tue,0:00,0:00
DXP2,Wed,0:00,0:00
DXP2,Thu,0:00,0:00
DXP2,Fri,0:00,0:00
DXP2,Sat,0:00,0:00
DXS1,Sun,0:00,5:00
DXS1,Sun,13:00,14:00
DXS1,Sun,18:30,23:59
DXS1,Mon,0:00,5:00
DXS1,Mon,13:00,14:00
DXS1,Mon,18:30,23:59
DXS1,Tue,0:00,5:00
DXS1,Tue,13:00,14:00
DXS1,Tue,18:30,23:59
DXS1,Wed,0:00,5:00
DXS1,Wed,13:00,14:00
DXS1,Wed,18:30,23:59
DXS1,Thu,0:00,5:00
DXS1,Thu,13:00,14:00
DXS1,Thu,18:30,23:59
DXS1,Fri,0:00,5:00
DXS1,Fri,13:00,14:00
DXS1,Fri,18:30,23:59
DXS1,Sat,0:00,5:00
DXS1,Sat,13:00,14:00
DXS1,Sat,18:30,23:59
DXW2,Sun,1:00,3:00
DXW2,Sun,13:00,17:00
DXW2,Sun,19:00,21:00
DXW2,Mon,1:00,3:00
DXW2,Mon,13:00,17:00
DXW2,Mon,19:00,21:00
DXW2,Tue,1:00,3:00
DXW2,Tue,13:00,17:00
DXW2,Tue,19:00,21:00
DXW2,Wed,1:00,3:00
DXW2,Wed,13:00,17:00
DXW2,Wed,19:00,21:00
DXW2,Thu,1:00,3:00
DXW2,Thu,13:00,17:00
DXW2,Thu,19:00,21:00
DXW2,Fri,1:00,3:00
DXW2,Fri,13:00,17:00
DXW2,Fri,19:00,21:00
DXW2,Sat,1:00,3:00
DXW2,Sat,13:00,17:00
DXW2,Sat,19:00,21:00
DXW3,Sun,1:00,3:00
DXW3,Sun,13:00,17:00
DXW3,Sun,19:00,21:00
DXW3,Mon,1:00,3:00
DXW3,Mon,13:00,17:00
DXW3,Mon,19:00,21:00
DXW3,Tue,1:00,3:00
DXW3,Tue,13:00,17:00
DXW3,Tue,19:00,21:00
DXW3,Wed,1:00,3:00
DXW3,Wed,13:00,17:00
DXW3,Wed,19:00,21:00
DXW3,Thu,1:00,3:00
DXW3,Thu,13:00,17:00
DXW3,Thu,19:00,21:00
DXW3,Fri,1:00,3:00
DXW3,Fri,13:00,17:00
DXW3,Fri,19:00,21:00
DXW3,Sat,1:00,3:00
DXW3,Sat,13:00,17:00
DXW3,Sat,19:00,21:00
DZL4,Sun,1:00,4:00
DZL4,Sun,14:00,23:00
DZL4,Mon,1:00,4:00
DZL4,Mon,14:00,23:00
DZL4,Tue,1:00,4:00
DZL4,Tue,14:00,23:00
DZL4,Wed,1:00,4:00
DZL4,Wed,14:00,23:00
DZL4,Thu,1:00,4:00
DZL4,Thu,14:00,23:00
DZL4,Fri,1:00,4:00
DZL4,Fri,14:00,23:00
DZL4,Sat,1:00,4:00
DZL4,Sat,14:00,23:00
EDI4,Sun,0:00,5:00
EDI4,Sun,8:00,17:00
EDI4,Sun,20:00,0:00
EDI4,Mon,0:00,5:00
EDI4,Mon,8:00,17:00
EDI4,Mon,20:00,0:00
EDI4,Tue,0:00,5:00
EDI4,Tue,8:00,17:00
EDI4,Tue,20:00,0:00
EDI4,Wed,0:00,5:00
EDI4,Wed,8:00,17:00
EDI4,Wed,20:00,0:00
EDI4,Thu,0:00,5:00
EDI4,Thu,8:00,17:00
EDI4,Thu,20:00,0:00
EDI4,Fri,0:00,5:00
EDI4,Fri,8:00,17:00
EDI4,Fri,20:00,0:00
EDI4,Sat,0:00,5:00
EDI4,Sat,8:00,17:00
EDI4,Sat,20:00,0:00
EMA1,Sun,8:00,17:00
EMA1,Mon,8:00,17:00
EMA1,Tue,8:00,17:00
EMA1,Wed,8:00,17:00
EMA1,Thu,8:00,17:00
EMA1,Fri,8:00,17:00
EMA1,Sat,8:00,17:00
EMA4,Sun,8:00,17:00
EMA4,Mon,8:00,17:00
EMA4,Tue,8:00,17:00
EMA4,Wed,8:00,17:00
EMA4,Thu,8:00,17:00
EMA4,Fri,8:00,17:00
EMA4,Sat,8:00,17:00
EMA2,Sun,0:00,5:00
EMA2,Sun,8:00,18:00
EMA2,Sun,19:00,0:00
EMA2,Mon,0:00,5:00
EMA2,Mon,8:00,18:00
EMA2,Mon,19:00,0:00
EMA2,Tue,0:00,5:00
EMA2,Tue,8:00,18:00
EMA2,Tue,19:00,0:00
EMA2,Wed,0:00,5:00
EMA2,Wed,8:00,18:00
EMA2,Wed,19:00,0:00
EMA2,Thu,0:00,5:00
EMA2,Thu,8:00,18:00
EMA2,Thu,19:00,0:00
EMA2,Fri,0:00,5:00
EMA2,Fri,8:00,18:00
EMA2,Fri,19:00,0:00
EMA2,Sat,0:00,5:00
EMA2,Sat,8:00,18:00
EMA2,Sat,19:00,0:00
EMA3,Sun,4:00,5:00
EMA3,Sun,8:00,9:00
EMA3,Sun,12:00,13:00
EMA3,Sun,15:00,16:00
EMA3,Sun,19:00,20:00
EMA3,Sun,21:00,22:00
EMA3,Mon,4:00,5:00
EMA3,Mon,8:00,9:00
EMA3,Mon,12:00,13:00
EMA3,Mon,15:00,16:00
EMA3,Mon,19:00,20:00
EMA3,Mon,21:00,22:00
EMA3,Tue,4:00,5:00
EMA3,Tue,8:00,9:00
EMA3,Tue,12:00,13:00
EMA3,Tue,15:00,16:00
EMA3,Tue,19:00,20:00
EMA3,Tue,21:00,22:00
EMA3,Wed,4:00,5:00
EMA3,Wed,8:00,9:00
EMA3,Wed,12:00,13:00
EMA3,Wed,15:00,16:00
EMA3,Wed,19:00,20:00
EMA3,Wed,21:00,22:00
EMA3,Thu,4:00,5:00
EMA3,Thu,8:00,9:00
EMA3,Thu,12:00,13:00
EMA3,Thu,15:00,16:00
EMA3,Thu,19:00,20:00
EMA3,Thu,21:00,22:00
EMA3,Fri,4:00,5:00
EMA3,Fri,8:00,9:00
EMA3,Fri,12:00,13:00
EMA3,Fri,15:00,16:00
EMA3,Fri,19:00,20:00
EMA3,Fri,21:00,22:00
EMA3,Sat,4:00,5:00
EMA3,Sat,8:00,9:00
EMA3,Sat,12:00,13:00
EMA3,Sat,15:00,16:00
EMA3,Sat,19:00,20:00
EMA3,Sat,21:00,22:00
EMSA,Sun,5:00,13:00
EMSA,Mon,5:00,13:00
EMSA,Tue,5:00,13:00
EMSA,Wed,5:00,13:00
EMSA,Thu,5:00,13:00
EMSA,Fri,5:00,13:00
EMSA,Sat,5:00,20:00
EUK5,Sun,0:00,5:00
EUK5,Sun,7:00,0:00
EUK5,Mon,0:00,5:00
EUK5,Mon,7:00,0:00
EUK5,Tue,0:00,5:00
EUK5,Tue,7:00,0:00
EUK5,Wed,0:00,5:00
EUK5,Wed,7:00,0:00
EUK5,Thu,0:00,5:00
EUK5,Thu,7:00,0:00
EUK5,Fri,0:00,5:00
EUK5,Fri,7:00,0:00
EUK5,Sat,0:00,5:00
EUK5,Sat,7:00,0:00
GLA1,Sun,20:00,0:00
GLA1,Mon,0:00,1:00
GLA1,Mon,4:00,0:00
GLA1,Tue,0:00,1:00
GLA1,Tue,4:00,0:00
GLA1,Wed,0:00,1:00
GLA1,Wed,4:00,0:00
GLA1,Thu,0:00,1:00
GLA1,Thu,4:00,0:00
GLA1,Fri,0:00,1:00
GLA1,Fri,4:00,0:00
GLA1,Sat,0:00,1:00
GLA1,Sat,4:00,8:00
GLA1,Sat,12:00,19:00
HBS2,Sun,0:00,5:15
HBS2,Mon,0:00,5:15
HBS2,Tue,0:00,5:15
HBS2,Wed,0:00,5:15
HBS2,Thu,0:00,5:15
HBS2,Fri,0:00,5:15
HBS2,Sat,0:00,5:15
HEH1,Sun,0:00,5:15
HEH1,Mon,0:00,5:15
HEH1,Tue,0:00,5:15
HEH1,Wed,0:00,5:15
HEH1,Thu,0:00,5:15
HEH1,Fri,0:00,5:15
HEH1,Sat,0:00,5:15
HIG1,Sun,0:00,5:15
HIG1,Mon,0:00,5:15
HIG1,Tue,0:00,5:15
HIG1,Wed,0:00,5:15
HIG1,Thu,0:00,5:15
HIG1,Fri,0:00,5:15
HIG1,Sat,0:00,5:15
HLS3,Sun,0:00,5:15
HLS3,Mon,0:00,5:15
HLS3,Tue,0:00,5:15
HLS3,Wed,0:00,5:15
HLS3,Thu,0:00,5:15
HLS3,Fri,0:00,5:15
HLS3,Sat,0:00,5:15
HOX2,Sun,0:00,5:15
HOX2,Mon,0:00,5:15
HOX2,Tue,0:00,5:15
HOX2,Wed,0:00,5:15
HOX2,Thu,0:00,5:15
HOX2,Fri,0:00,5:15
HOX2,Sat,0:00,5:15
HRM2,Sun,0:00,5:15
HRM2,Mon,0:00,5:15
HRM2,Tue,0:00,5:15
HRM2,Wed,0:00,5:15
HRM2,Thu,0:00,5:15
HRM2,Fri,0:00,5:15
HRM2,Sat,0:00,5:15
HST1,Sun,0:00,5:15
HST1,Mon,0:00,5:15
HST1,Tue,0:00,5:15
HST1,Wed,0:00,5:15
HST1,Thu,0:00,5:15
HST1,Fri,0:00,5:15
HST1,Sat,0:00,5:15
HTN7,Sun,0:00,5:15
HTN7,Mon,0:00,5:15
HTN7,Tue,0:00,5:15
HTN7,Wed,0:00,5:15
HTN7,Thu,0:00,5:15
HTN7,Fri,0:00,5:15
HTN7,Sat,0:00,5:15
HXM1,Sun,0:00,5:15
HXM1,Mon,0:00,5:15
HXM1,Tue,0:00,5:15
HXM1,Wed,0:00,5:15
HXM1,Thu,0:00,5:15
HXM1,Fri,0:00,5:15
HXM1,Sat,0:00,5:15
HXW3,Sun,0:00,5:15
HXW3,Mon,0:00,5:15
HXW3,Tue,0:00,5:15
HXW3,Wed,0:00,5:15
HXW3,Thu,0:00,5:15
HXW3,Fri,0:00,5:15
HXW3,Sat,0:00,5:15
LBA1,Sun,8:00,9:00
LBA1,Sun,10:00,11:00
LBA1,Sun,12:00,13:00
LBA1,Sun,14:00,15:00
LBA1,Sun,16:00,18:00
LBA1,Mon,8:00,9:00
LBA1,Mon,10:00,11:00
LBA1,Mon,12:00,13:00
LBA1,Mon,14:00,15:00
LBA1,Mon,16:00,18:00
LBA1,Tue,8:00,9:00
LBA1,Tue,10:00,11:00
LBA1,Tue,12:00,13:00
LBA1,Tue,14:00,15:00
LBA1,Tue,16:00,18:00
LBA1,Wed,8:00,9:00
LBA1,Wed,10:00,11:00
LBA1,Wed,12:00,13:00
LBA1,Wed,14:00,15:00
LBA1,Wed,16:00,18:00
LBA1,Thu,8:00,9:00
LBA1,Thu,10:00,11:00
LBA1,Thu,12:00,13:00
LBA1,Thu,14:00,15:00
LBA1,Thu,16:00,18:00
LBA1,Fri,8:00,9:00
LBA1,Fri,10:00,11:00
LBA1,Fri,12:00,13:00
LBA1,Fri,14:00,15:00
LBA1,Fri,16:00,18:00
LBA1,Sat,8:00,9:00
LBA1,Sat,10:00,11:00
LBA1,Sat,12:00,13:00
LBA1,Sat,14:00,15:00
LBA1,Sat,16:00,18:00
LBA2,Sun,0:00,6:00
LBA2,Sun,8:00,18:00
LBA2,Sun,19:00,0:00
LBA2,Mon,0:00,6:00
LBA2,Mon,8:00,18:00
LBA2,Mon,19:00,0:00
LBA2,Tue,0:00,6:00
LBA2,Tue,8:00,18:00
LBA2,Tue,19:00,0:00
LBA2,Wed,0:00,6:00
LBA2,Wed,8:00,18:00
LBA2,Wed,19:00,0:00
LBA2,Thu,0:00,6:00
LBA2,Thu,8:00,18:00
LBA2,Thu,19:00,0:00
LBA2,Fri,0:00,6:00
LBA2,Fri,8:00,18:00
LBA2,Fri,19:00,0:00
LBA2,Sat,0:00,6:00
LBA2,Sat,8:00,18:00
LBA2,Sat,19:00,0:00
LBA3,Sun,0:00,4:00
LBA3,Sun,8:00,0:00
LBA3,Mon,0:00,4:00
LBA3,Mon,8:00,0:00
LBA3,Tue,0:00,4:00
LBA3,Tue,8:00,0:00
LBA3,Wed,0:00,4:00
LBA3,Wed,8:00,0:00
LBA3,Thu,0:00,4:00
LBA3,Thu,8:00,0:00
LBA3,Fri,0:00,4:00
LBA3,Fri,8:00,0:00
LBA3,Sat,0:00,4:00
LBA3,Sat,8:00,0:00
LBA8,Mon,0:00,3:30
LBA8,Mon,14:00,0:00
LBA8,Tue,0:00,3:30
LBA8,Tue,14:00,0:00
LBA8,Wed,0:00,3:30
LBA8,Wed,14:00,0:00
LBA8,Thu,0:00,3:30
LBA8,Thu,14:00,0:00
LBA8,Fri,0:00,3:30
LBA8,Fri,14:00,0:00
LBA8,Sat,0:00,3:30
LBA8,Sat,14:00,0:00
LBA8,Sun,0:00,3:30
LBA8,Sun,14:00,0:00
LBA9,Sun,10:00,0:00
LBA9,Sun,10:00,0:00
LBA9,Sun,10:00,0:00
LBA9,Mon,10:00,0:00
LBA9,Mon,10:00,0:00
LBA9,Mon,10:00,0:00
LBA9,Tue,10:00,0:00
LBA9,Tue,10:00,0:00
LBA9,Tue,10:00,0:00
LBA9,Wed,10:00,0:00
LBA9,Wed,10:00,0:00
LBA9,Wed,10:00,0:00
LBA9,Thu,10:00,0:00
LBA9,Thu,10:00,0:00
LBA9,Thu,10:00,0:00
LBA9,Fri,10:00,0:00
LBA9,Fri,10:00,0:00
LBA9,Fri,10:00,0:00
LBA9,Sat,4:00,6:00
LBA9,Sat,10:00,0:00
LBA9,Sat,10:00,0:00
LCY2,Fri,2:00,5:00
LCY2,Fri,7:00,17:00
LCY2,Fri,18:00,0:00
LCY2,Mon,2:00,5:00
LCY2,Mon,7:00,17:00
LCY2,Mon,18:00,0:00
LCY2,Sat,2:00,5:00
LCY2,Sat,7:00,17:00
LCY2,Sat,18:00,0:00
LCY2,Sun,2:00,5:00
LCY2,Sun,7:00,17:00
LCY2,Sun,18:00,0:00
LCY2,Thu,2:00,5:00
LCY2,Thu,7:00,17:00
LCY2,Thu,18:00,0:00
LCY2,Tue,2:00,5:00
LCY2,Tue,7:00,17:00
LCY2,Tue,18:00,0:00
LCY2,Wed,2:00,5:00
LCY2,Wed,7:00,17:00
LCY2,Wed,18:00,0:00
LCY3,Fri,0:00,6:00
LCY3,Fri,10:00,0:00
LCY3,Mon,0:00,6:00
LCY3,Mon,10:00,0:00
LCY3,Sat,0:00,6:00
LCY3,Sat,10:00,0:00
LCY3,Sun,0:00,6:00
LCY3,Sun,10:00,0:00
LCY3,Thu,0:00,6:00
LCY3,Thu,10:00,0:00
LCY3,Tue,0:00,6:00
LCY3,Tue,10:00,0:00
LCY3,Wed,0:00,6:00
LCY3,Wed,10:00,0:00
LCY8,Sun,0:00,4:00
LCY8,Sun,8:00,0:00
LCY8,Mon,0:00,4:00
LCY8,Mon,8:00,0:00
LCY8,Tue,0:00,4:00
LCY8,Tue,8:00,0:00
LCY8,Wed,0:00,4:00
LCY8,Wed,8:00,0:00
LCY8,Thu,0:00,4:00
LCY8,Thu,8:00,0:00
LCY8,Fri,0:00,4:00
LCY8,Fri,8:00,0:00
LCY8,Sat,0:00,4:00
LCY8,Sat,8:00,0:00
LPL2,Mon,7:30,18:00
LPL2,Tue,7:30,18:00
LPL2,Wed,7:30,18:00
LPL2,Thu,7:30,18:00
LPL2,Fri,7:30,18:00
LPL9,Sun,0:00,4:00
LPL9,Sun,13:00,0:00
LPL9,Mon,0:00,4:00
LPL9,Mon,13:00,0:00
LPL9,Tue,0:00,4:00
LPL9,Tue,13:00,0:00
LPL9,Wed,0:00,4:00
LPL9,Wed,13:00,0:00
LPL9,Thu,0:00,4:00
LPL9,Thu,13:00,0:00
LPL9,Fri,0:00,4:00
LPL9,Fri,13:00,0:00
LPL9,Sat,0:00,4:00
LPL9,Sat,13:00,0:00
LTN1,Sun,0:00,4:00
LTN1,Sun,7:00,16:00
LTN1,Sun,18:00,23:00
LTN1,Mon,0:00,4:00
LTN1,Mon,7:00,16:00
LTN1,Mon,18:00,23:00
LTN1,Tue,0:00,4:00
LTN1,Tue,7:00,16:00
LTN1,Tue,18:00,23:00
LTN1,Wed,0:00,4:00
LTN1,Wed,7:00,16:00
LTN1,Wed,18:00,23:00
LTN1,Thu,0:00,4:00
LTN1,Thu,7:00,16:00
LTN1,Thu,18:00,23:00
LTN1,Fri,0:00,4:00
LTN1,Fri,7:00,16:00
LTN1,Fri,18:00,23:00
LTN1,Sat,0:00,4:00
LTN1,Sat,7:00,16:00
LTN1,Sat,18:00,23:00
LTN2,Sun,0:00,1:00
LTN2,Sun,2:00,3:00
LTN2,Sun,4:00,5:00
LTN2,Sun,7:00,10:00
LTN2,Sun,11:00,12:00
LTN2,Sun,13:00,14:00
LTN2,Sun,15:00,17:00
LTN2,Sun,18:00,20:00
LTN2,Sun,21:00,22:00
LTN2,Sun,23:00,0:00
LTN2,Mon,0:00,1:00
LTN2,Mon,2:00,3:00
LTN2,Mon,4:00,5:00
LTN2,Mon,7:00,10:00
LTN2,Mon,11:00,12:00
LTN2,Mon,13:00,14:00
LTN2,Mon,15:00,17:00
LTN2,Mon,18:00,20:00
LTN2,Mon,21:00,22:00
LTN2,Mon,23:00,0:00
LTN2,Tue,0:00,1:00
LTN2,Tue,2:00,3:00
LTN2,Tue,4:00,5:00
LTN2,Tue,7:00,10:00
LTN2,Tue,11:00,12:00
LTN2,Tue,13:00,14:00
LTN2,Tue,15:00,17:00
LTN2,Tue,18:00,20:00
LTN2,Tue,21:00,22:00
LTN2,Tue,23:00,0:00
LTN2,Wed,0:00,1:00
LTN2,Wed,2:00,3:00
LTN2,Wed,4:00,5:00
LTN2,Wed,7:00,10:00
LTN2,Wed,11:00,12:00
LTN2,Wed,13:00,14:00
LTN2,Wed,15:00,17:00
LTN2,Wed,18:00,20:00
LTN2,Wed,21:00,22:00
LTN2,Wed,23:00,0:00
LTN2,Thu,0:00,1:00
LTN2,Thu,2:00,3:00
LTN2,Thu,4:00,5:00
LTN2,Thu,7:00,10:00
LTN2,Thu,11:00,12:00
LTN2,Thu,13:00,14:00
LTN2,Thu,15:00,17:00
LTN2,Thu,18:00,20:00
LTN2,Thu,21:00,22:00
LTN2,Thu,23:00,0:00
LTN2,Fri,0:00,1:00
LTN2,Fri,2:00,3:00
LTN2,Fri,4:00,5:00
LTN2,Fri,7:00,10:00
LTN2,Fri,11:00,12:00
LTN2,Fri,13:00,14:00
LTN2,Fri,15:00,17:00
LTN2,Fri,18:00,20:00
LTN2,Fri,21:00,22:00
LTN2,Fri,23:00,0:00
LTN2,Sat,0:00,1:00
LTN2,Sat,2:00,3:00
LTN2,Sat,4:00,5:00
LTN2,Sat,7:00,10:00
LTN2,Sat,11:00,12:00
LTN2,Sat,13:00,14:00
LTN2,Sat,15:00,17:00
LTN2,Sat,18:00,20:00
LTN2,Sat,21:00,22:00
LTN2,Sat,23:00,0:00
LTN4,Sun,0:00,6:00
LTN4,Sun,7:00,0:00
LTN4,Mon,0:00,6:00
LTN4,Mon,7:00,0:00
LTN4,Tue,0:00,6:00
LTN4,Tue,7:00,0:00
LTN4,Wed,0:00,6:00
LTN4,Wed,7:00,0:00
LTN4,Thu,0:00,6:00
LTN4,Thu,7:00,0:00
LTN4,Fri,0:00,6:00
LTN4,Fri,7:00,0:00
LTN4,Sat,0:00,6:00
LTN4,Sat,7:00,0:00
MAN1,Sun,0:00,5:00
MAN1,Sun,8:00,18:00
MAN1,Sun,19:00,0:00
MAN1,Mon,0:00,5:00
MAN1,Mon,8:00,18:00
MAN1,Mon,19:00,0:00
MAN1,Tue,0:00,5:00
MAN1,Tue,8:00,18:00
MAN1,Tue,19:00,0:00
MAN1,Wed,0:00,5:00
MAN1,Wed,8:00,18:00
MAN1,Wed,19:00,0:00
MAN1,Thu,0:00,5:00
MAN1,Thu,8:00,18:00
MAN1,Thu,19:00,0:00
MAN1,Fri,0:00,5:00
MAN1,Fri,8:00,18:00
MAN1,Fri,19:00,0:00
MAN1,Sat,0:00,5:00
MAN1,Sat,8:00,18:00
MAN1,Sat,19:00,0:00
MAN2,Sun,0:00,5:00
MAN2,Sun,9:00,18:00
MAN2,Sun,19:00,0:00
MAN2,Sun,0:00,5:00
MAN2,Mon,9:00,18:00
MAN2,Mon,19:00,0:00
MAN2,Tue,0:00,5:00
MAN2,Tue,9:00,18:00
MAN2,Tue,19:00,0:00
MAN2,Wed,0:00,5:00
MAN2,Wed,9:00,18:00
MAN2,Wed,19:00,0:00
MAN2,Thu,0:00,5:00
MAN2,Thu,9:00,18:00
MAN2,Thu,19:00,0:00
MAN2,Fri,0:00,5:00
MAN2,Fri,9:00,18:00
MAN2,Fri,19:00,0:00
MAN2,Sat,0:00,5:00
MAN2,Sat,9:00,18:00
MAN2,Sat,19:00,0:00
MAN3,Sun,0:00,5:00
MAN3,Sun,8:00,0:00
MAN3,Mon,0:00,5:00
MAN3,Mon,8:00,0:00
MAN3,Tue,0:00,5:00
MAN3,Tue,8:00,0:00
MAN3,Wed,0:00,5:00
MAN3,Wed,8:00,0:00
MAN3,Thu,0:00,5:00
MAN3,Thu,8:00,0:00
MAN3,Fri,0:00,5:00
MAN3,Fri,8:00,0:00
MAN3,Sat,0:00,5:00
MAN3,Sat,8:00,0:00
MAN4,Sun,0:00,6:00
MAN4,Sun,8:00,9:00
MAN4,Sun,10:00,11:00
MAN4,Sun,12:00,13:00
MAN4,Sun,14:00,15:00
MAN4,Sun,16:00,17:00
MAN4,Sun,18:00,19:00
MAN4,Sun,20:00,21:00
MAN4,Sun,22:00,23:00
MAN4,Mon,0:00,6:00
MAN4,Mon,8:00,9:00
MAN4,Mon,10:00,11:00
MAN4,Mon,12:00,13:00
MAN4,Mon,14:00,15:00
MAN4,Mon,16:00,17:00
MAN4,Mon,18:00,19:00
MAN4,Mon,20:00,21:00
MAN4,Mon,22:00,23:00
MAN4,Tue,0:00,6:00
MAN4,Tue,8:00,9:00
MAN4,Tue,10:00,11:00
MAN4,Tue,12:00,13:00
MAN4,Tue,14:00,15:00
MAN4,Tue,16:00,17:00
MAN4,Tue,18:00,19:00
MAN4,Tue,20:00,21:00
MAN4,Tue,22:00,23:00
MAN4,Wed,0:00,6:00
MAN4,Wed,8:00,9:00
MAN4,Wed,10:00,11:00
MAN4,Wed,12:00,13:00
MAN4,Wed,14:00,15:00
MAN4,Wed,16:00,17:00
MAN4,Wed,18:00,19:00
MAN4,Wed,20:00,21:00
MAN4,Wed,22:00,23:00
MAN4,Thu,0:00,6:00
MAN4,Thu,8:00,9:00
MAN4,Thu,10:00,11:00
MAN4,Thu,12:00,13:00
MAN4,Thu,14:00,15:00
MAN4,Thu,16:00,17:00
MAN4,Thu,18:00,19:00
MAN4,Thu,20:00,21:00
MAN4,Thu,22:00,23:00
MAN4,Fri,0:00,6:00
MAN4,Fri,8:00,9:00
MAN4,Fri,10:00,11:00
MAN4,Fri,12:00,13:00
MAN4,Fri,14:00,15:00
MAN4,Fri,16:00,17:00
MAN4,Fri,18:00,19:00
MAN4,Fri,20:00,21:00
MAN4,Fri,22:00,23:00
MAN4,Sat,0:00,6:00
MAN4,Sat,8:00,9:00
MAN4,Sat,10:00,11:00
MAN4,Sat,12:00,13:00
MAN4,Sat,14:00,15:00
MAN4,Sat,16:00,17:00
MAN4,Sat,18:00,19:00
MAN4,Sat,20:00,21:00
MAN4,Sat,22:00,23:00
MAN8,Sun,9:00,12:00
MAN8,Sun,14:00,20:00
MAN8,Mon,9:00,12:00
MAN8,Mon,14:00,20:00
MAN8,Tue,9:00,12:00
MAN8,Tue,14:00,20:00
MAN8,Wed,9:00,12:00
MAN8,Wed,14:00,20:00
MAN8,Thu,9:00,12:00
MAN8,Thu,14:00,20:00
MAN8,Fri,9:00,12:00
MAN8,Fri,14:00,20:00
MAN8,Sat,9:00,12:00
MAN8,Sat,14:00,20:00
MME1,Sun,0:15,13:00
MME1,Sun,15:00,17:00
MME1,Sun,19:00,22:00
MME1,Mon,0:15,13:00
MME1,Mon,15:00,17:00
MME1,Mon,19:00,22:00
MME1,Tue,0:15,13:00
MME1,Tue,15:00,17:00
MME1,Tue,19:00,22:00
MME1,Wed,0:15,13:00
MME1,Wed,15:00,17:00
MME1,Wed,19:00,22:00
MME1,Thu,0:15,13:00
MME1,Thu,15:00,17:00
MME1,Thu,19:00,22:00
MME1,Fri,0:15,13:00
MME1,Fri,15:00,17:00
MME1,Sat,9:00,13:00
MME1,Sat,15:00,17:00
MME1,Sat,19:00,22:00
MME2,Sun,0:00,1:00
MME2,Sun,2:00,3:00
MME2,Sun,4:00,5:00
MME2,Sun,8:00,16:00
MME2,Sun,19:00,0:00
MME2,Mon,0:00,1:00
MME2,Mon,2:00,3:00
MME2,Mon,4:00,5:00
MME2,Mon,8:00,16:00
MME2,Mon,19:00,0:00
MME2,Tue,0:00,1:00
MME2,Tue,2:00,3:00
MME2,Tue,4:00,5:00
MME2,Tue,8:00,16:00
MME2,Tue,19:00,0:00
MME2,Wed,0:00,1:00
MME2,Wed,2:00,3:00
MME2,Wed,4:00,5:00
MME2,Wed,8:00,16:00
MME2,Wed,19:00,0:00
MME2,Thu,0:00,1:00
MME2,Thu,2:00,3:00
MME2,Thu,4:00,5:00
MME2,Thu,8:00,16:00
MME2,Thu,19:00,0:00
MME2,Fri,0:00,1:00
MME2,Fri,2:00,3:00
MME2,Fri,4:00,5:00
MME2,Fri,8:00,16:00
MME2,Fri,19:00,0:00
MME2,Sat,0:00,1:00
MME2,Sat,2:00,3:00
MME2,Sat,4:00,5:00
MME2,Sat,8:00,16:00
MME2,Sat,19:00,0:00
NCL1,Sun,0:00,1:00
NCL1,Sun,2:00,3:00
NCL1,Sun,4:00,5:00
NCL1,Sun,8:00,16:00
NCL1,Sun,19:00,0:00
NCL1,Mon,0:00,1:00
NCL1,Mon,2:00,3:00
NCL1,Mon,4:00,5:00
NCL1,Mon,8:00,16:00
NCL1,Mon,19:00,0:00
NCL1,Tue,0:00,1:00
NCL1,Tue,2:00,3:00
NCL1,Tue,4:00,5:00
NCL1,Tue,8:00,16:00
NCL1,Tue,19:00,0:00
NCL1,wed,0:00,1:00
NCL1,wed,2:00,3:00
NCL1,wed,4:00,5:00
NCL1,wed,8:00,16:00
NCL1,wed,19:00,0:00
NCL1,Thu,0:00,1:00
NCL1,Thu,2:00,3:00
NCL1,Thu,4:00,5:00
NCL1,Thu,8:00,16:00
NCL1,Thu,19:00,0:00
NCL1,fri,0:00,1:00
NCL1,fri,2:00,3:00
NCL1,fri,4:00,5:00
NCL1,fri,8:00,16:00
NCL1,fri,19:00,0:00
NCL1,Sat,0:00,1:00
NCL1,Sat,2:00,3:00
NCL1,Sat,4:00,5:00
NCL1,Sat,8:00,16:00
NCL1,Sat,19:00,0:00
NCL2,Mon,18:30,0:00
NCL2,Mon,0:00,5:00
NCL2,Mon,8:00,18:00
NCL2,Tue,18:30,0:00
NCL2,Tue,0:00,5:00
NCL2,Tue,8:00,18:00
NCL2,Wed,18:30,0:00
NCL2,Wed,0:00,5:00
NCL2,Wed,8:00,18:00
NCL2,Thu,18:30,0:00
NCL2,Thu,0:00,5:00
NCL2,Thu,8:00,18:00
NCL2,Fri,18:30,0:00
NCL2,Fri,0:00,5:00
NCL2,Fri,8:00,18:00
NCL2,Sat,18:30,0:00
NCL2,Sat,0:00,5:00
NCL2,Sat,8:00,18:00
NCL2,Sun,18:30,0:00
NCL2,Sun,0:00,5:00
NCL2,Sun,8:00,18:00
SBS2,Sun,14:00,19:00
SBS2,Mon,14:00,19:00
SBS2,Tue,14:00,19:00
SBS2,Wed,14:00,19:00
SBS2,Thu,14:00,19:00
SBS2,Fri,14:00,19:00
SBS2,Sat,14:00,19:00
SEH1,Sun,3:00,4:00
SEH1,Sun,17:00,20:00
SEH1,Mon,3:00,4:00
SEH1,Mon,17:00,20:00
SEH1,Tue,3:00,4:00
SEH1,Tue,17:00,20:00
SEH1,Wed,3:00,4:00
SEH1,Wed,17:00,20:00
SEH1,Thu,3:00,4:00
SEH1,Thu,17:00,20:00
SEH1,Fri,3:00,4:00
SEH1,Fri,17:00,20:00
SEH1,Sat,3:00,4:00
SEH1,Sat,17:00,20:00
SNG1,Sun,5:00,6:00
SNG1,Sun,13:00,16:00
SNG1,Mon,5:00,6:00
SNG1,Mon,13:00,16:00
SNG1,Tue,5:00,6:00
SNG1,Tue,13:00,16:00
SNG1,Wed,5:00,6:00
SNG1,Wed,13:00,16:00
SNG1,Thu,5:00,6:00
SNG1,Thu,13:00,16:00
SNG1,Fri,5:00,6:00
SNG1,Fri,13:00,16:00
SNG1,Sat,5:00,6:00
SNG1,Sat,13:00,16:00
STN8,Sun,1:00,2:00
STN8,Sun,12:00,23:00
STN8,Mon,1:00,2:00
STN8,Mon,12:00,23:00
STN8,Tue,1:00,2:00
STN8,Tue,12:00,23:00
STN8,Wed,1:00,2:00
STN8,Wed,12:00,23:00
STN8,Thu,1:00,2:00
STN8,Thu,12:00,23:00
STN8,Fri,1:00,2:00
STN8,Fri,12:00,23:00
STN8,Sat,1:00,2:00
STN8,Sat,12:00,23:00
STN9,Sun,0:00,4:00
STN9,Sun,13:00,0:00
STN9,Mon,0:00,4:00
STN9,Mon,13:00,0:00
STN9,Tue,0:00,4:00
STN9,Tue,13:00,0:00
STN9,Wed,0:00,4:00
STN9,Wed,13:00,0:00
STN9,Thu,0:00,4:00
STN9,Thu,13:00,0:00
STN9,Fri,0:00,4:00
STN9,Fri,13:00,0:00
STN9,Sat,0:00,4:00
STN9,Sat,13:00,0:00
SXW2,Sun,4:00,20:00
SXW2,Mon,4:00,20:00
SXW2,Tue,4:00,20:00
SXW2,Wed,4:00,20:00
SXW2,Thu,4:00,20:00
SXW2,Fri,4:00,20:00
SXW2,Sat,4:00,20:00
SXW9,Sun,0:00,4:00
SXW9,Sun,13:00,0:00
SXW9,Mon,0:00,4:00
SXW9,Mon,13:00,0:00
SXW9,Tue,0:00,4:00
SXW9,Tue,13:00,0:00
SXW9,Wed,0:00,4:00
SXW9,Wed,13:00,0:00
SXW9,Thu,0:00,4:00
SXW9,Thu,13:00,0:00
SXW9,Fri,0:00,4:00
SXW9,Fri,13:00,0:00
SXW9,Sat,0:00,4:00
SXW9,Sat,13:00,0:00
